<?xml version="1.0" encoding="UTF-8" standalone="yes"?>
<w:document xmlns:wpc="http://schemas.microsoft.com/office/word/2010/wordprocessingCanvas" xmlns:cx="http://schemas.microsoft.com/office/drawing/2014/chartex" xmlns:cx1="http://schemas.microsoft.com/office/drawing/2015/9/8/chartex" xmlns:cx2="http://schemas.microsoft.com/office/drawing/2015/10/21/chartex" xmlns:cx3="http://schemas.microsoft.com/office/drawing/2016/5/9/chartex" xmlns:cx4="http://schemas.microsoft.com/office/drawing/2016/5/10/chartex" xmlns:cx5="http://schemas.microsoft.com/office/drawing/2016/5/11/chartex" xmlns:cx6="http://schemas.microsoft.com/office/drawing/2016/5/12/chartex" xmlns:cx7="http://schemas.microsoft.com/office/drawing/2016/5/13/chartex" xmlns:cx8="http://schemas.microsoft.com/office/drawing/2016/5/14/chartex" xmlns:mc="http://schemas.openxmlformats.org/markup-compatibility/2006" xmlns:aink="http://schemas.microsoft.com/office/drawing/2016/ink" xmlns:am3d="http://schemas.microsoft.com/office/drawing/2017/model3d" xmlns:o="urn:schemas-microsoft-com:office:office" xmlns:r="http://schemas.openxmlformats.org/officeDocument/2006/relationships" xmlns:m="http://schemas.openxmlformats.org/officeDocument/2006/math" xmlns:v="urn:schemas-microsoft-com:vml" xmlns:wp14="http://schemas.microsoft.com/office/word/2010/wordprocessingDrawing" xmlns:wp="http://schemas.openxmlformats.org/drawingml/2006/wordprocessingDrawing" xmlns:w10="urn:schemas-microsoft-com:office:word" xmlns:w="http://schemas.openxmlformats.org/wordprocessingml/2006/main" xmlns:w14="http://schemas.microsoft.com/office/word/2010/wordml" xmlns:w15="http://schemas.microsoft.com/office/word/2012/wordml" xmlns:w16cex="http://schemas.microsoft.com/office/word/2018/wordml/cex" xmlns:w16cid="http://schemas.microsoft.com/office/word/2016/wordml/cid" xmlns:w16="http://schemas.microsoft.com/office/word/2018/wordml" xmlns:w16sdtdh="http://schemas.microsoft.com/office/word/2020/wordml/sdtdatahash" xmlns:w16se="http://schemas.microsoft.com/office/word/2015/wordml/symex" xmlns:wpg="http://schemas.microsoft.com/office/word/2010/wordprocessingGroup" xmlns:wpi="http://schemas.microsoft.com/office/word/2010/wordprocessingInk" xmlns:wne="http://schemas.microsoft.com/office/word/2006/wordml" xmlns:wps="http://schemas.microsoft.com/office/word/2010/wordprocessingShape" mc:Ignorable="w14 w15 w16se w16cid w16 w16cex w16sdtdh wp14"><w:body><w:p w14:paraId="089A945E" w14:textId="77777777" w:rsidR="00FA21AF" w:rsidRPr="00FA21AF" w:rsidRDefault="00FA21AF" w:rsidP="00FA21AF"><w:pPr><w:pStyle w:val="NormalWeb"/><w:jc w:val="both"/><w:rPr><w:sz w:val="28"/><w:szCs w:val="28"/></w:rPr></w:pPr><w:r w:rsidRPr="00FA21AF"><w:rPr><w:rStyle w:val="Gl"/><w:sz w:val="28"/><w:szCs w:val="28"/></w:rPr><w:t>Sevgili öğrenciler,</w:t></w:r></w:p><w:p w14:paraId="2D3A7F50" w14:textId="77777777" w:rsidR="00FA21AF" w:rsidRPr="00FA21AF" w:rsidRDefault="00FA21AF" w:rsidP="00FA21AF"><w:pPr><w:pStyle w:val="NormalWeb"/><w:jc w:val="both"/><w:rPr><w:sz w:val="28"/><w:szCs w:val="28"/></w:rPr></w:pPr><w:r w:rsidRPr="00FA21AF"><w:rPr><w:sz w:val="28"/><w:szCs w:val="28"/></w:rPr><w:t>Final projenizle ilgili hatırlatma ve bilgilendirme yapmak isterim.</w:t></w:r></w:p><w:p w14:paraId="3832FD80" w14:textId="77777777" w:rsidR="00FA21AF" w:rsidRPr="00FA21AF" w:rsidRDefault="00FA21AF" w:rsidP="00FA21AF"><w:pPr><w:pStyle w:val="NormalWeb"/><w:numPr><w:ilvl w:val="0"/><w:numId w:val="1"/></w:numPr><w:jc w:val="both"/><w:rPr><w:sz w:val="28"/><w:szCs w:val="28"/></w:rPr></w:pPr><w:r w:rsidRPr="00FA21AF"><w:rPr><w:sz w:val="28"/><w:szCs w:val="28"/></w:rPr><w:t xml:space="preserve">Final projeniz </w:t></w:r><w:r w:rsidRPr="00FA21AF"><w:rPr><w:rStyle w:val="Gl"/><w:sz w:val="28"/><w:szCs w:val="28"/></w:rPr><w:t>en az 5 sayfadan</w:t></w:r><w:r w:rsidRPr="00FA21AF"><w:rPr><w:sz w:val="28"/><w:szCs w:val="28"/></w:rPr><w:t xml:space="preserve"> oluşmalıdır (örneğin: Kullanıcı Giriş, </w:t></w:r><w:proofErr w:type="spellStart"/><w:r w:rsidRPr="00FA21AF"><w:rPr><w:sz w:val="28"/><w:szCs w:val="28"/></w:rPr><w:t>Anasayfa</w:t></w:r><w:proofErr w:type="spellEnd"/><w:r w:rsidRPr="00FA21AF"><w:rPr><w:sz w:val="28"/><w:szCs w:val="28"/></w:rPr><w:t>, Hakkımızda vb.).</w:t></w:r></w:p><w:p w14:paraId="1733DE63" w14:textId="77777777" w:rsidR="00FA21AF" w:rsidRPr="00FA21AF" w:rsidRDefault="00FA21AF" w:rsidP="00FA21AF"><w:pPr><w:pStyle w:val="NormalWeb"/><w:numPr><w:ilvl w:val="0"/><w:numId w:val="1"/></w:numPr><w:jc w:val="both"/><w:rPr><w:sz w:val="28"/><w:szCs w:val="28"/></w:rPr></w:pPr><w:r w:rsidRPr="00FA21AF"><w:rPr><w:sz w:val="28"/><w:szCs w:val="28"/></w:rPr><w:t xml:space="preserve">Projede </w:t></w:r><w:r w:rsidRPr="00FA21AF"><w:rPr><w:rStyle w:val="Gl"/><w:sz w:val="28"/><w:szCs w:val="28"/></w:rPr><w:t>CRUD işlemlerinin</w:t></w:r><w:r w:rsidRPr="00FA21AF"><w:rPr><w:sz w:val="28"/><w:szCs w:val="28"/></w:rPr><w:t xml:space="preserve"> uygulanması zorunludur.</w:t></w:r></w:p><w:p w14:paraId="3BE728FF" w14:textId="77777777" w:rsidR="00FA21AF" w:rsidRPr="00FA21AF" w:rsidRDefault="00FA21AF" w:rsidP="00FA21AF"><w:pPr><w:pStyle w:val="NormalWeb"/><w:numPr><w:ilvl w:val="0"/><w:numId w:val="1"/></w:numPr><w:jc w:val="both"/><w:rPr><w:sz w:val="28"/><w:szCs w:val="28"/></w:rPr></w:pPr><w:r w:rsidRPr="00FA21AF"><w:rPr><w:sz w:val="28"/><w:szCs w:val="28"/></w:rPr><w:t>Kullanmanız gereken teknolojiler:</w:t></w:r></w:p><w:p w14:paraId="2E1C9ED9" w14:textId="77777777" w:rsidR="00FA21AF" w:rsidRPr="00FA21AF" w:rsidRDefault="00FA21AF" w:rsidP="00FA21AF"><w:pPr><w:pStyle w:val="NormalWeb"/><w:numPr><w:ilvl w:val="1"/><w:numId w:val="1"/></w:numPr><w:jc w:val="both"/><w:rPr><w:sz w:val="28"/><w:szCs w:val="28"/></w:rPr></w:pPr><w:r w:rsidRPr="00FA21AF"><w:rPr><w:rStyle w:val="Gl"/><w:sz w:val="28"/><w:szCs w:val="28"/></w:rPr><w:t>HTML</w:t></w:r></w:p><w:p w14:paraId="1B06A701" w14:textId="77777777" w:rsidR="00FA21AF" w:rsidRPr="00FA21AF" w:rsidRDefault="00FA21AF" w:rsidP="00FA21AF"><w:pPr><w:pStyle w:val="NormalWeb"/><w:numPr><w:ilvl w:val="1"/><w:numId w:val="1"/></w:numPr><w:jc w:val="both"/><w:rPr><w:sz w:val="28"/><w:szCs w:val="28"/></w:rPr></w:pPr><w:r w:rsidRPr="00FA21AF"><w:rPr><w:rStyle w:val="Gl"/><w:sz w:val="28"/><w:szCs w:val="28"/></w:rPr><w:t>CSS</w:t></w:r></w:p><w:p w14:paraId="69417F5E" w14:textId="77777777" w:rsidR="00FA21AF" w:rsidRPr="00FA21AF" w:rsidRDefault="00FA21AF" w:rsidP="00FA21AF"><w:pPr><w:pStyle w:val="NormalWeb"/><w:numPr><w:ilvl w:val="1"/><w:numId w:val="1"/></w:numPr><w:jc w:val="both"/><w:rPr><w:sz w:val="28"/><w:szCs w:val="28"/></w:rPr></w:pPr><w:r w:rsidRPr="00FA21AF"><w:rPr><w:rStyle w:val="Gl"/><w:sz w:val="28"/><w:szCs w:val="28"/></w:rPr><w:t>JavaScript</w:t></w:r></w:p><w:p w14:paraId="10C02739" w14:textId="77777777" w:rsidR="00FA21AF" w:rsidRPr="00FA21AF" w:rsidRDefault="00FA21AF" w:rsidP="00FA21AF"><w:pPr><w:pStyle w:val="NormalWeb"/><w:numPr><w:ilvl w:val="1"/><w:numId w:val="1"/></w:numPr><w:jc w:val="both"/><w:rPr><w:sz w:val="28"/><w:szCs w:val="28"/></w:rPr></w:pPr><w:r w:rsidRPr="00FA21AF"><w:rPr><w:rStyle w:val="Gl"/><w:sz w:val="28"/><w:szCs w:val="28"/></w:rPr><w:t>Node.js</w:t></w:r></w:p><w:p w14:paraId="36AD62AA" w14:textId="77777777" w:rsidR="00FA21AF" w:rsidRPr="00FA21AF" w:rsidRDefault="00FA21AF" w:rsidP="00FA21AF"><w:pPr><w:pStyle w:val="NormalWeb"/><w:numPr><w:ilvl w:val="1"/><w:numId w:val="1"/></w:numPr><w:jc w:val="both"/><w:rPr><w:sz w:val="28"/><w:szCs w:val="28"/></w:rPr></w:pPr><w:r w:rsidRPr="00FA21AF"><w:rPr><w:rStyle w:val="Gl"/><w:sz w:val="28"/><w:szCs w:val="28"/></w:rPr><w:t>Express</w:t></w:r></w:p><w:p w14:paraId="34AEED00" w14:textId="77777777" w:rsidR="00FA21AF" w:rsidRPr="00FA21AF" w:rsidRDefault="00FA21AF" w:rsidP="00FA21AF"><w:pPr><w:pStyle w:val="NormalWeb"/><w:numPr><w:ilvl w:val="0"/><w:numId w:val="1"/></w:numPr><w:jc w:val="both"/><w:rPr><w:sz w:val="28"/><w:szCs w:val="28"/></w:rPr></w:pPr><w:r w:rsidRPr="00FA21AF"><w:rPr><w:sz w:val="28"/><w:szCs w:val="28"/></w:rPr><w:t xml:space="preserve">Front-end kısmında </w:t></w:r><w:proofErr w:type="spellStart"/><w:r w:rsidRPr="00FA21AF"><w:rPr><w:rStyle w:val="Gl"/><w:sz w:val="28"/><w:szCs w:val="28"/></w:rPr><w:t>Bootstrap</w:t></w:r><w:proofErr w:type="spellEnd"/><w:r w:rsidRPr="00FA21AF"><w:rPr><w:sz w:val="28"/><w:szCs w:val="28"/></w:rPr><w:t xml:space="preserve"> kullanabilirsiniz.</w:t></w:r></w:p><w:p w14:paraId="35C6D94A" w14:textId="461A687F" w:rsidR="00FA21AF" w:rsidRPr="00FA21AF" w:rsidRDefault="00FA21AF" w:rsidP="00FA21AF"><w:pPr><w:pStyle w:val="NormalWeb"/><w:jc w:val="both"/><w:rPr><w:sz w:val="28"/><w:szCs w:val="28"/></w:rPr></w:pPr><w:r w:rsidRPr="00FA21AF"><w:rPr><w:sz w:val="28"/><w:szCs w:val="28"/></w:rPr><w:t xml:space="preserve">Final projenizi </w:t></w:r><w:r w:rsidRPr="00FA21AF"><w:rPr><w:rStyle w:val="Gl"/><w:sz w:val="28"/><w:szCs w:val="28"/></w:rPr><w:t xml:space="preserve">final haftasının muhtemelen 2. </w:t></w:r><w:r w:rsidRPr="00FA21AF"><w:rPr><w:rStyle w:val="Gl"/><w:sz w:val="28"/><w:szCs w:val="28"/></w:rPr><w:t>H</w:t></w:r><w:r w:rsidRPr="00FA21AF"><w:rPr><w:rStyle w:val="Gl"/><w:sz w:val="28"/><w:szCs w:val="28"/></w:rPr><w:t>aftasında</w:t></w:r><w:r><w:rPr><w:rStyle w:val="Gl"/><w:sz w:val="28"/><w:szCs w:val="28"/></w:rPr><w:t>,</w:t></w:r><w:r w:rsidRPr="00FA21AF"><w:rPr><w:sz w:val="28"/><w:szCs w:val="28"/></w:rPr><w:t xml:space="preserve"> </w:t></w:r><w:r w:rsidRPr="00FA21AF"><w:rPr><w:rStyle w:val="Gl"/><w:sz w:val="28"/><w:szCs w:val="28"/></w:rPr><w:t>ALMS üzerinden</w:t></w:r><w:r w:rsidRPr="00FA21AF"><w:rPr><w:sz w:val="28"/><w:szCs w:val="28"/></w:rPr><w:t xml:space="preserve"> teslim etmenizi isteyeceğim. Proje teslim süreciyle ilgili daha önce bir duyuru paylaşılmıştı</w:t></w:r><w:r><w:rPr><w:sz w:val="28"/><w:szCs w:val="28"/></w:rPr><w:t xml:space="preserve"> (ALMS üzerinden…)</w:t></w:r><w:r w:rsidRPr="00FA21AF"><w:rPr><w:sz w:val="28"/><w:szCs w:val="28"/></w:rPr><w:t>.</w:t></w:r></w:p><w:p w14:paraId="288ABFE1" w14:textId="77777777" w:rsidR="00FA21AF" w:rsidRPr="00FA21AF" w:rsidRDefault="00FA21AF" w:rsidP="00FA21AF"><w:pPr><w:pStyle w:val="NormalWeb"/><w:jc w:val="both"/><w:rPr><w:sz w:val="28"/><w:szCs w:val="28"/></w:rPr></w:pPr><w:r w:rsidRPr="00FA21AF"><w:rPr><w:sz w:val="28"/><w:szCs w:val="28"/></w:rPr><w:t xml:space="preserve">Ayrıca, projeyi teslim ettiğinize dair </w:t></w:r><w:r w:rsidRPr="00FA21AF"><w:rPr><w:rStyle w:val="Gl"/><w:sz w:val="28"/><w:szCs w:val="28"/></w:rPr><w:t>imza belgesi</w:t></w:r><w:r w:rsidRPr="00FA21AF"><w:rPr><w:sz w:val="28"/><w:szCs w:val="28"/></w:rPr><w:t xml:space="preserve"> için gün ve saat bilgisi </w:t></w:r><w:r w:rsidRPr="00FA21AF"><w:rPr><w:rStyle w:val="Gl"/><w:sz w:val="28"/><w:szCs w:val="28"/></w:rPr><w:t>ayrıca ALMS üzerinden</w:t></w:r><w:r w:rsidRPr="00FA21AF"><w:rPr><w:sz w:val="28"/><w:szCs w:val="28"/></w:rPr><w:t xml:space="preserve"> duyurulacaktır.</w:t></w:r></w:p><w:p w14:paraId="6DEFE5F7" w14:textId="6449419C" w:rsidR="00FA21AF" w:rsidRPr="00FA21AF" w:rsidRDefault="00FA21AF" w:rsidP="00FA21AF"><w:pPr><w:pStyle w:val="NormalWeb"/><w:jc w:val="both"/><w:rPr><w:sz w:val="28"/><w:szCs w:val="28"/></w:rPr></w:pPr><w:r w:rsidRPr="00FA21AF"><w:rPr><w:rFonts w:ascii="Segoe UI Emoji" w:hAnsi="Segoe UI Emoji" w:cs="Segoe UI Emoji"/><w:sz w:val="28"/><w:szCs w:val="28"/></w:rPr><w:t>⚠️</w:t></w:r><w:r w:rsidRPr="00FA21AF"><w:rPr><w:rStyle w:val="Gl"/><w:sz w:val="28"/><w:szCs w:val="28"/></w:rPr><w:t>Dikkat:</w:t></w:r><w:r w:rsidRPr="00FA21AF"><w:rPr><w:sz w:val="28"/><w:szCs w:val="28"/></w:rPr><w:br/><w:t xml:space="preserve">Proje teslim tarihiniz, </w:t></w:r><w:r w:rsidRPr="00FA21AF"><w:rPr><w:rStyle w:val="Gl"/><w:sz w:val="28"/><w:szCs w:val="28"/></w:rPr><w:t>fakültenin yayımladığı final takviminden farklıdır.</w:t></w:r><w:r w:rsidRPr="00FA21AF"><w:rPr><w:sz w:val="28"/><w:szCs w:val="28"/></w:rPr><w:br/><w:t xml:space="preserve">Bu nedenle </w:t></w:r><w:r w:rsidRPr="00FA21AF"><w:rPr><w:rStyle w:val="Gl"/><w:sz w:val="28"/><w:szCs w:val="28"/></w:rPr><w:t>ALMS duyurularını düzenli olarak takip etme</w:t></w:r><w:r><w:rPr><w:rStyle w:val="Gl"/><w:sz w:val="28"/><w:szCs w:val="28"/></w:rPr><w:t>k öğrencinin sorumluluğundadır</w:t></w:r><w:r w:rsidRPr="00FA21AF"><w:rPr><w:rStyle w:val="Gl"/><w:sz w:val="28"/><w:szCs w:val="28"/></w:rPr><w:t>.</w:t></w:r><w:r><w:rPr><w:rStyle w:val="Gl"/><w:sz w:val="28"/><w:szCs w:val="28"/></w:rPr><w:t xml:space="preserve"> </w:t></w:r></w:p><w:p w14:paraId="27561CA8" w14:textId="77777777" w:rsidR="00FA21AF" w:rsidRPr="00FA21AF" w:rsidRDefault="00FA21AF" w:rsidP="00FA21AF"><w:pPr><w:pStyle w:val="NormalWeb"/><w:jc w:val="both"/><w:rPr><w:sz w:val="28"/><w:szCs w:val="28"/></w:rPr></w:pPr><w:r w:rsidRPr="00FA21AF"><w:rPr><w:sz w:val="28"/><w:szCs w:val="28"/></w:rPr><w:t>Başarılar dilerim.</w:t></w:r></w:p><w:p w14:paraId="2B06BB00" w14:textId="3C40C28C" w:rsidR="00EB4417" w:rsidRDefault="00EB4417" w:rsidP="00EB4417"><w:pPr><w:jc w:val="both"/><w:rPr><w:rFonts w:ascii="Times New Roman" w:hAnsi="Times New Roman" w:cs="Times New Roman"/><w:sz w:val="28"/><w:szCs w:val="28"/></w:rPr></w:pPr></w:p><w:p w14:paraId="25F6EB52" w14:textId="0CAE6A6E" w:rsidR="00EB4417" w:rsidRDefault="00EB4417" w:rsidP="00EB4417"><w:pPr><w:jc w:val="both"/><w:rPr><w:rFonts w:ascii="Times New Roman" w:hAnsi="Times New Roman" w:cs="Times New Roman"/><w:sz w:val="28"/><w:szCs w:val="28"/></w:rPr></w:pPr></w:p><w:p w14:paraId="1A35B5EF" w14:textId="1DD01A70" w:rsidR="00EB4417" w:rsidRPr="00EB4417" w:rsidRDefault="00EB4417" w:rsidP="00EB4417"><w:pPr><w:jc w:val="right"/><w:rPr><w:rFonts w:ascii="Times New Roman" w:hAnsi="Times New Roman" w:cs="Times New Roman"/><w:sz w:val="28"/><w:szCs w:val="28"/></w:rPr></w:pPr><w:r><w:rPr><w:rFonts w:ascii="Times New Roman" w:hAnsi="Times New Roman" w:cs="Times New Roman"/><w:sz w:val="28"/><w:szCs w:val="28"/></w:rPr><w:t>Dr. Buket İŞLER</w:t></w:r></w:p><w:p w14:paraId="4ABF5526" w14:textId="29326920" w:rsidR="00EB4417" w:rsidRDefault="00EB4417"><w:pPr><w:rPr><w:rFonts w:ascii="Times New Roman" w:hAnsi="Times New Roman" w:cs="Times New Roman"/><w:sz w:val="24"/><w:szCs w:val="24"/></w:rPr></w:pPr></w:p><w:p w14:paraId="3606894B" w14:textId="1C139CC9" w:rsidR="00EB4417" w:rsidRDefault="00EB4417"><w:pPr><w:rPr><w:rFonts w:ascii="Times New Roman" w:hAnsi="Times New Roman" w:cs="Times New Roman"/><w:sz w:val="24"/><w:szCs w:val="24"/></w:rPr></w:pPr></w:p><w:p w14:paraId="582CEE23" w14:textId="4EB88D5B" w:rsidR="00EB4417" w:rsidRDefault="00EB4417"><w:pPr><w:rPr><w:rFonts w:ascii="Times New Roman" w:hAnsi="Times New Roman" w:cs="Times New Roman"/><w:sz w:val="24"/><w:szCs w:val="24"/></w:rPr></w:pPr></w:p><w:p w14:paraId="1913B154" w14:textId="7F2583E4" w:rsidR="00EB4417" w:rsidRPr="00EB4417" w:rsidRDefault="00EB4417"><w:pPr><w:rPr><w:rFonts w:ascii="Times New Roman" w:hAnsi="Times New Roman" w:cs="Times New Roman"/><w:sz w:val="24"/><w:szCs w:val="24"/></w:rPr></w:pPr></w:p><w:sectPr w:rsidR="00EB4417" w:rsidRPr="00EB4417"><w:pgSz w:w="11906" w:h="16838"/><w:pgMar w:top="1417" w:right="1417" w:bottom="1417" w:left="1417" w:header="708" w:footer="708" w:gutter="0"/><w:cols w:space="708"/><w:docGrid w:linePitch="360"/></w:sectPr></w:body></w:document>